종목코드,회사명,기업가치
307950,현대오토에버,1142281750000.0
006370,대구백화점,-492443160000.0
221840,하이즈항공,9818720000.0
052460,아이크래프트,26165170000.0
192650,드림텍,530047490000.0
006980,우성사료,-22747410000.0
197210,리드,-44797050000.0
072870,메가스터디,224005630000.0
192080,더블유게임즈,1391630570000.0
180400,캔서롭,-48242720000.0
002920,유성기업,206533130000.0
046440,케이지모빌리언스,323031390000.0
267850,아시아나아이디티,331645700000.0
002220,한일철강,-121559210000.0
078600,대주전자재료,3051950000.0
127160,매직마이크로,-40811820000.0
002450,삼익악기,39649180000.0
293480,하나제약,0.0
054450,텔레칩스,150557320000.0
221980,케이디켐,154475890000.0
010400,우진아이엔에스,325650080000.0
002460,화성산업,0.0
078150,에이치비테크놀러지,184190940000.0
293940,신한알파위탁관리부동산투자회사,0.0
227950,마이크로텍,-14414290000.0
007340,디티알오토모티브,1114736710000.0
214370,케어젠,684030760000.0
000890,보해양조,-213646040000.0
051360,토비스,423373220000.0
190510,나무가,-11985710000.0
003010,혜인,46538860000.0
286940,롯데정보통신,501995990000.0
072520,제넨바이오,-53264170000.0
056090,유앤아이,-67596520000.0
014280,금강공업,108853180000.0
298040,효성중공업,-794825130000.0
078130,국일제지,0.0
226340,본느,58797580000.0
009810,엔케이물산,25047200000.0
068790,디엠에스,361796660000.0
115960,연우,69771270000.0
298050,효성첨단소재,-611533740000.0
008730,율촌화학,109277470000.0
182400,에이티젠,-168025750000.0
078940,코드네이처,-46901680000.0
298020,효성티앤씨,-101183100000.0
009270,신원,10468100000.0
092870,엑시콘,88720690000.0
048870,시너지이노베이션,73675950000.0
298000,효성화학,-172838410000.0
004140,동방,-141497540000.0
226360,이엑스티,76398780000.0
065350,신성델타테크,69118190000.0
294870,에이치디씨현대산업개발,4460779370000.0
003000,부광약품,711893470000.0
018250,애경산업,1198449340000.0
214870,에치디프로,-56995630000.0
039340,한국경제티브이,252915340000.0
068270,셀트리온,5111621270000.0
064260,다날,178047580000.0
005810,풍산홀딩스,981198280000.0
284740,쿠쿠홈시스,803958700000.0
011080,형지아이앤씨,0.0
285130,에스케이케미칼,-64986960000.0
050090,휘닉스소재,-32853170000.0
282330,비지에프리테일,2064094420000.0
029960,코엔텍,451515200000.0
012200,계양전기,169069450000.0
219130,타이거일렉,0.0
092780,동양피스톤,99725460000.0
057030,와이비엠넷,5520080000.0
175140,인포마크,-10191240000.0
004710,한솔테크닉스,40112940000.0
065770,씨에스,44966070000.0
272450,진에어,952747320000.0
005190,동성화학,112224700000.0
074430,아미노로직스,88063090000.0
222080,씨아이에스,-183228080000.0
077280,한컴지엠디,26845440000.0
220630,해마로푸드서비스,304470230000.0
008930,한미사이언스,862516120000.0
066700,테라젠이텍스,-36718790000.0
224110,에이텍티앤,145638150000.0
055490,테이팩스,51260290000.0
005500,삼진제약,0.0
196700,웹스,-3678010000.0
280360,롯데제과,199818600000.0
005490,포스코,75684753350000.0
078350,한양디지텍,30600860000.0
002410,범양건영,88719810000.0
131760,파인텍,-52020100000.0
035720,카카오,1695487860000.0
075970,동국알앤에스,98633190000.0
271560,오리온,3300637310000.0
005690,파미셀,0.0
069540,라이트론,-25862070000.0
222800,심텍,-87198600000.0
001230,동국제강,-482674820000.0
073190,듀오백,-26858080000.0
189980,흥국에프엔비,69264480000.0
267290,경동도시가스,444925620000.0
054090,삼진엘앤디,99518880000.0
006340,대원전선,67673100000.0
251270,넷마블,6009065850000.0
041910,에스텍파마,71971970000.0
005950,이수화학,-38814400000.0
094360,칩스앤미디어,49682340000.0
073070,에스모,25044320000.0
267270,현대건설기계,3147549130000.0
039670,한류타임즈,-114275570000.0
002810,삼영무역,384907530000.0
267260,현대일렉트릭앤에너지시스템,-1483495940000.0
127710,아시아경제,157511390000.0
067770,세진티에스,4918990000.0
214430,아이쓰리시스템,0.0
267250,현대중공업지주,9117991030000.0
070590,한솔인티큐브,0.0
011780,금호석유화학,6795976390000.0
145720,덴티움,445163930000.0
073570,더블유아이,0.0
214450,파마리서치프로덕트,213132000000.0
002620,제일파마홀딩스,132443370000.0
111110,호전실업,133281790000.0
073640,삼원테크,1959180000.0
015260,에이엔피,-99413780000.0
143210,핸즈코퍼레이션,-32870820000.0
065680,우주일렉트로닉스,93728650000.0
009460,한창제지,0.0
241560,두산밥캣,4819540470000.0
005720,넥센,1030165770000.0
218410,알에프에이치아이씨,458417270000.0
057880,토필드,-71586910000.0
207940,삼성바이오로직스,0.0
006660,삼성공조,153677000000.0
060570,드림어스컴퍼니,52735360000.0
234080,제이더블유생명과학,258713470000.0
214180,민앤지,411497480000.0
004490,세방전지,2042103190000.0
178780,유테크,-186887660000.0
241590,화승엔터프라이즈,303980150000.0
011000,진원생명과학,-136569180000.0
067160,아프리카티비,390990140000.0
229640,LS전선아시아,218501870000.0
160600,에스엔텍,58679110000.0
009310,참엔지니어링,-229459030000.0
074600,원익큐엔씨,546560230000.0
010100,한국프랜지공업,-111123830000.0
071280,로체시스템즈,5642720000.0
249420,일동제약,262304770000.0
005070,코스모신소재,0.0
041440,에버다임,274862160000.0
166480,코아스템,-16109780000.0
004830,덕성,-11184200000.0
069510,에스텍,324509910000.0
214310,세미콘라이트,-76711270000.0
067170,오텍,387129030000.0
016740,두올,368943910000.0
177350,베셀,28494780000.0
026960,동서,1737971430000.0
054780,키이스트,-5036590000.0
217270,넵튠,-212294570000.0
011700,한신기계공업,116945660000.0
065510,휴비츠,98706820000.0
218150,미래생명자원,41522270000.0
195870,해성디에스,345165860000.0
005420,코스모화학,-175783310000.0
072470,우리산업홀딩스,151249860000.0
070960,용평리조트,-20989860000.0
160980,싸이맥스,257935570000.0
000500,가온전선,56977480000.0
068930,디지털대성,170077170000.0
101530,해태제과식품,-78389870000.0
010950,S-Oil,3273926370000.0
069110,코스온,51311900000.0
012450,한화에어로스페이스,-975396790000.0
087600,픽셀플러스,0.0
194370,제이에스코퍼레이션,142427670000.0
011230,삼화전자공업,-78775180000.0
152330,코리아오토글라스,0.0
052710,아모텍,114356730000.0
217620,디딤,39921990000.0
226320,잇츠한불,582013330000.0
004020,현대제철,5505540800000.0
075580,세진중공업,-67382390000.0
065950,웰크론,96934560000.0
004770,써니전자,41052040000.0
187420,제노포커스,-1808850000.0
214330,금호에이치티,165577500000.0
047310,파워로직스,345046920000.0
004560,현대비앤지스틸,560632180000.0
056000,신스타임즈,-23736540000.0
089590,제주항공,1060416500000.0
041520,이라이콤,247303320000.0
227840,현대코퍼레이션홀딩스,239281270000.0
009470,삼화전기,97349930000.0
065560,녹원씨엔아이,235750310000.0
079550,엘아이지넥스원,0.0
064240,홈캐스트,-10385880000.0
215360,우리산업,219397750000.0
039570,에이치디씨아이콘트롤스,371786420000.0
215200,메가스터디교육,538459080000.0
066790,씨씨에스충북방송,-54418920000.0
010770,평화홀딩스,-444137420000.0
095570,AJ네트웍스,-1263451370000.0
069080,웹젠,1128532760000.0
215100,로보로보,57401470000.0
007110,일신석재,0.0
214320,이노션,1892864490000.0
067080,대화제약,36981110000.0
016380,동부제철,-2776478100000.0
066590,우수AMS,3372910000.0
214680,디알텍,34673830000.0
010780,아이에스동서,5233447020000.0
214420,토니모리,-75512840000.0
067290,제이더블유신약,-36265360000.0
195990,유지인트,-54451460000.0
002360,SH에너지화학,94849190000.0
215000,골프존,444926400000.0
066130,하츠,0.0
214150,클래시스,230516550000.0
007810,코리아써키트,-61033970000.0
046140,에스비에스콘텐츠허브,153062150000.0
004170,신세계,769448080000.0
214270,퓨쳐스트림네트웍스,87170030000.0
210980,에스케이디앤디,828218220000.0
010060,OCI,1768679290000.0
189690,포시에스,71087950000.0
000520,삼일제약,-131775400000.0
065130,탑엔지니어링,453440590000.0
138250,엔에스쇼핑,509635810000.0
006490,인스코비,76926500000.0
065440,이루온,28589620000.0
145210,세화아이엠씨,-467198230000.0
206640,바디텍메드,111192890000.0
049630,재영솔루텍,-39012890000.0
000720,현대건설,13191450950000.0
208640,썸에이지,-354290160000.0
213500,한솔제지,662015980000.0
021650,한국큐빅,10833060000.0
002710,TCC동양,216997420000.0
193250,와이제이엠게임즈,-28036260000.0
210540,디와이파워,489627420000.0
051370,인터플렉스,-869229240000.0
204630,화이브라더스코리아,12581150000.0
003060,에이프로젠제약,99278730000.0
028260,삼성물산,26476790010000.0
007700,F&F,1403460000000.0
065570,삼영이엔씨,58414440000.0
200670,휴메딕스,186955330000.0
112610,씨에스윈드,472753300000.0
208710,바이오로그디바이스,115801650000.0
066980,브레인콘텐츠,50624840000.0
008700,아남전자,-182446840000.0
018260,삼성SDS,15299193960000.0
189860,서전기전,0.0
204320,만도,1188008780000.0
016100,리더스코스메틱,-184559780000.0
010620,현대미포조선,1301697600000.0
065940,바이오빌,-484605970000.0
006360,GS건설,12230807870000.0
067390,아스트,53827750000.0
200880,서연이화,-217738240000.0
042040,케이피엠테크,45722770000.0
006110,삼아알미늄,38106920000.0
066970,엘앤에프,330896230000.0
080580,오킨스전자,4670740000.0
192400,쿠쿠홀딩스,1398765790000.0
006200,한국전자홀딩스,73435870000.0
006400,삼성SDI,14660010920000.0
066430,와이오엠,0.0
208350,지란지교시큐리티,75916950000.0
027410,비지에프,1582107600000.0
047820,초록뱀미디어,56603160000.0
009150,삼성전기,12850420540000.0
160550,넥스트엔터테인먼트월드,-131408060000.0
192820,코스맥스,299755480000.0
124500,아이티센,101881920000.0
005960,동부건설,566582940000.0
142280,녹십자엠에스,-87342460000.0
064090,에프앤리퍼블릭,166067710000.0
009070,케이씨티시,108719940000.0
185750,종근당,1082602390000.0
049960,쎌바이오텍,361046920000.0
003070,코오롱글로벌,120499220000.0
006880,신송홀딩스,-78617520000.0
187220,디티앤씨,19064120000.0
005180,빙그레,792762460000.0
053290,NE능률,0.0
208370,셀바스헬스케어,-149122760000.0
005250,녹십자홀딩스,654718790000.0
064520,바른전자,-341927320000.0
183190,아세아시멘트,294585820000.0
208140,정다운,154130740000.0
005450,신한,225508280000.0
035600,케이지이니시스,724381770000.0
064350,현대로템,-3403248660000.0
149980,하이로닉,20598300000.0
000480,조선내화,715534200000.0
065170,넥스트비티,50971040000.0
180640,한진칼,1897287010000.0
004310,현대약품,0.0
034230,파라다이스,-1268374610000.0
200710,에이디테크놀로지,195041040000.0
181710,엔에이치엔엔터테인먼트,1536153190000.0
003920,남양유업,557963710000.0
041590,에너전트,-31484490000.0
200780,비씨월드제약,90514640000.0
042600,새로닉스,95121060000.0
008350,남선알미늄,186838250000.0
207760,미스터블루,60063380000.0
065500,오리엔트정공,-78476590000.0
196170,알테오젠,-48652330000.0
003350,한국화장품제조,0.0
060900,퍼시픽바이오,-104101750000.0
206400,엔터메이트,-144877780000.0
155660,DSR,165412230000.0
066620,국보디자인,285807780000.0
011760,현대종합상사,704778170000.0
065420,에스아이리소스,9611870000.0
170900,동아에스티,585710850000.0
140520,대창스틸,-30196190000.0
006260,LS,6820648090000.0
052770,와이디온라인,-96612790000.0
013870,지엠비코리아,262320000.0
173940,에프엔씨엔터테인먼트,-39413400000.0
001740,SK네트웍스,-1362503090000.0
064800,필링크,63392920000.0
037560,CJ헬로,267842950000.0
002100,경농,176605710000.0
039980,리노스,84767070000.0
200230,텔콘알에프제약,-13594640000.0
163560,동일고무벨트,195196400000.0
004870,티웨이홀딩스,652669400000.0
048410,현대바이오사이언스,41061170000.0
194510,파티게임즈,-48423590000.0
161890,한국콜마,242110300000.0
007590,동방아그로,156439620000.0
058610,에스피지,153314670000.0
204840,지엘팜텍,-76390570000.0
161390,한국타이어,10538997440000.0
204620,글로벌텍스프리,69775300000.0
161000,애경유화,828709960000.0
004430,송원산업,558565860000.0
065710,서호전기,124816360000.0
196490,디에이테크놀로지,60743940000.0
002780,진흥기업,0.0
068400,에이제이렌터카,-694116340000.0
004090,한국석유공업,75487890000.0
065690,대진디엠피,89746840000.0
205100,엑셈,100113620000.0
014710,사조씨푸드,0.0
000430,대원강업,329299040000.0
066110,한프,-220659890000.0
001080,만호제강,164273800000.0
043710,서울리거,29667650000.0
144620,코오롱머티리얼,0.0
192440,슈피겐코리아,831465280000.0
004700,조광피혁,0.0
060560,홈센타홀딩스,-205775570000.0
182690,테라셈,-98665510000.0
079980,휴비스,302588180000.0
004360,세방,589208540000.0
036010,아비코전자,151031720000.0
143540,영우디에스피,-237143050000.0
145270,케이탑자기관리부동산투자회사,0.0
008970,동양철관,-77983300000.0
060280,큐렉소,0.0
007070,GS리테일,155371380000.0
002880,대유에이텍,-343952340000.0
065620,제낙스,-124628690000.0
203650,드림시큐리티,55111550000.0
129260,인터지스,16894450000.0
060230,이그잭스,10179640000.0
041920,메디아나,70964310000.0
001260,남광토건,138662540000.0
145990,삼양사,1126098590000.0
057680,옴니텔,0.0
194480,데브시스터즈,-59149810000.0
005680,삼영전자공업,491966450000.0
039130,하나투어,250364600000.0
046940,우원개발,-22259510000.0
078520,에이블씨엔씨,-72593050000.0
203690,프로스테믹스,-47157420000.0
005800,신영와코루,174227850000.0
060150,인선이엔티,227433130000.0
031430,신세계인터내셔날,737602540000.0
002630,오리엔트바이오,-126681810000.0
192410,감마누,-19436310000.0
063440,에스엠라이프디자인그룹,20333590000.0
001550,조비,0.0
047810,한국항공우주산업,1207622580000.0
005430,한국공항,428705750000.0
051160,지어소프트,10522550000.0
187270,신화콘텍,-10316890000.0
065060,지엔코,-248538680000.0
177830,파버나인,29654910000.0
071840,롯데하이마트,0.0
004910,조광페인트,-9391410000.0
049180,셀루메드,-163095320000.0
090410,덕신하우징,146740900000.0
004690,삼천리,-203195030000.0
060720,KH바텍,-250154280000.0
138490,코오롱플라스틱,258915080000.0
004650,창해에탄올,33214920000.0
061040,알에프텍,0.0
139480,이마트,800519730000.0
050760,에스폴리텍,36169150000.0
054210,이랜텍,-90930850000.0
200130,콜마비앤에이치,850516140000.0
053210,케이티스카이라이프,1136069310000.0
001570,금양,156098370000.0
050120,라이브플렉스,-7081070000.0
105550,트루윈,0.0
019440,세아특수강,363039330000.0
003960,사조대림,325730600000.0
054410,케이피티유,33318210000.0
196450,텔루스,-72700350000.0
002070,남영비비안,-8233580000.0
060310,삼에스코리아,-1162410000.0
071850,캐스텍코리아,-10119010000.0
003570,S&T중공업,365680750000.0
061250,화일약품,0.0
187790,나노,23869330000.0
004960,한신공영,2516147980000.0
053980,오상자이엘,-9476950000.0
192250,케이사인,47593050000.0
004370,농심,1505503010000.0
020150,일진머티리얼즈,852423370000.0
054050,농업회사법인농우바이오,175945290000.0
138080,오이솔루션,26363190000.0
003720,삼영화학공업,-111478440000.0
011210,현대위아,-281700580000.0
039420,케이엘넷,62101370000.0
108790,인터파크,-55342200000.0
004980,성신양회,-118867810000.0
039440,에스티아이,366243870000.0
053300,한국정보인증,177627120000.0
004970,신라교역,308992260000.0
136490,선진,181558420000.0
154040,솔루에타,24192590000.0
049550,잉크테크,-58888400000.0
002870,신풍제지,131674580000.0
134790,시디즈,0.0
090850,이지웰페어,76187780000.0
060590,씨티씨바이오,-106464310000.0
082740,에이치에스디엔진,-839524920000.0
001630,종근당홀딩스,985332990000.0
049070,인탑스,592338050000.0
117580,대성에너지,20608970000.0
184230,에스지에이솔루션즈,-118070110000.0
005740,크라운해태홀딩스,-61533950000.0
126560,현대에이치씨엔,944531330000.0
049080,기가레인,-76481260000.0
150840,인트로메딕,-36709820000.0
002390,한독,212509000000.0
130660,한전산업개발,195982090000.0
085810,알티캐스트,94522340000.0
001380,SG충방,42745360000.0
053660,현진소재,-352949840000.0
900140,엘브이엠씨홀딩스,-139606650000.0
170030,현대공업,41367580000.0
006120,에스케이디스커버리,1631843680000.0
030790,동양네트웍스,-213781720000.0
053270,구영테크,-20765360000.0
007540,샘표,289408540000.0
067570,엔브이에이치코리아,-287648730000.0
034950,한국기업평가,415268010000.0
081660,휠라코리아,4157719960000.0
134580,디엠티,46444030000.0
058850,케이티씨에스,220872750000.0
003280,흥아해운,-1142635060000.0
182360,큐브엔터테인먼트,29252470000.0
001250,지에스글로벌,432061620000.0
057050,현대홈쇼핑,2315931820000.0
060380,동양에스텍,11841500000.0
002990,금호산업,620600360000.0
002150,도화엔지니어링,266080680000.0
046310,백금티앤에이,98908200000.0
001470,삼부토건,-63112210000.0
128820,대성산업,-374522850000.0
058530,슈펙스비앤피,-247455650000.0
171010,램테크놀러지,4732320000.0
001820,삼화콘덴서공업,1117241830000.0
122900,아이마켓코리아,564576860000.0
049720,고려신용정보,0.0
161570,더 미동,-14148140000.0
001020,페이퍼코리아,-315429240000.0
128940,한미약품,700815030000.0
001520,동양,404888050000.0
138360,에이씨티,-574980000.0
105840,우진,-10479800000.0
046890,서울반도체,1180940630000.0
076610,해성옵틱스,-201706060000.0
033920,무학,96576590000.0
000880,한화,10243820110000.0
168330,내츄럴엔도텍,-187981010000.0
013990,아가방앤컴퍼니,-153933770000.0
001060,JW중외제약,269975480000.0
058450,일야,0.0
102460,이연제약,182327260000.0
150900,파수닷컴,19370720000.0
123690,한국화장품,-87609340000.0
000670,영풍,311973880000.0
170920,엘티씨,23891670000.0
059090,미코,567803760000.0
123700,에스제이엠,99927590000.0
001340,백광산업,0.0
119850,지엔씨에너지,112442190000.0
050320,에이앤티앤,-41138960000.0
060980,한라홀딩스,1097127290000.0
000180,성창기업지주,-193277420000.0
092040,아미코젠,72763100000.0
005110,한창,53098920000.0
054930,유신,0.0
130500,GH신소재,3577780000.0
035200,프럼파스트,58358830000.0
031440,신세계푸드,218117770000.0
170790,파이오링크,0.0
054040,한국컴퓨터,-53688330000.0
000040,KR모터스,-234729960000.0
151860,케이지이티에스,194040960000.0
002240,고려제강,582679270000.0
060300,레드로버,-257011380000.0
120110,코오롱인더스트리,504541850000.0
089600,나스미디어,367848480000.0
004100,태양금속공업,-69089190000.0
042500,링네트,91039910000.0
119650,케이씨코트렐,23077880000.0
950130,엑세스바이오인코퍼레이션,-69547700000.0
002820,선창산업,-256713550000.0
058420,제이웨이,0.0
071320,한국지역난방공사,-3516575710000.0
141080,레고켐바이오사이언스,-133219740000.0
004840,DRB동일,344518010000.0
040350,큐로컴,-110992110000.0
158310,인터불스,-70318250000.0
115390,락앤락,771478940000.0
002350,넥센타이어,1456213800000.0
054300,팬스타엔터프라이즈,0.0
012160,영흥철강,-67547650000.0
104540,코렌텍,-61595640000.0
118000,우리들휴브레인,-87218850000.0
159580,제로투세븐,-61464010000.0
004060,SG세계물산,91675660000.0
054340,피앤텔,-103567870000.0
047080,한빛소프트,1186830000.0
004000,롯데정밀화학,3384493590000.0
153490,우리이앤엘,87395120000.0
114090,그랜드코리아레저,1751124100000.0
060250,엔에이치엔한국사이버결제,291521250000.0
000020,동화약품,321746380000.0
099190,아이센스,403185700000.0
034730,SK,43963581820000.0
000210,대림산업,10952267930000.0
053260,금강철강,103700260000.0
032560,황금에스티,345227700000.0
001120,LG상사,1179871750000.0
060240,룽투코리아,100970750000.0
141020,포티스,-81869990000.0
002720,국제약품,30478100000.0
000080,하이트진로,-472929640000.0
159910,스킨앤스킨,-44415830000.0
056730,포스링크,-71732600000.0
003240,태광산업,6059630290000.0
950110,SBI핀테크솔루션즈,100656100000.0
057500,SKC솔믹스,296799010000.0
047400,유니온머티리얼,-6968200000.0
041930,동아화성,155686060000.0
006390,한일현대시멘트,0.0
046970,우리로,36859790000.0
093240,형지엘리트,1695950000.0
054220,비츠로시스,0.0
000590,CS홀딩스,332539790000.0
113810,디젠스,-55320790000.0
014940,오리엔탈정공,-131318510000.0
005390,신성통상,140605480000.0
111770,영원무역,3275972540000.0
043590,크로바하이텍,-151057000000.0
155650,와이엠씨,313541380000.0
000990,DB하이텍,1363149060000.0
058470,리노공업,0.0
149950,아바텍,0.0
006570,대림통상,-12942320000.0
053690,한미글로벌건축사사무소,178734320000.0
000220,유유제약,87233580000.0
045300,성우테크론,99266970000.0
028100,동아지질,425647170000.0
121850,코이즈,-122379150000.0
000860,강남제비스코,269855190000.0
056190,에스에프에이,3366607920000.0
149940,모다,0.0
071970,STX중공업,-363893240000.0
151910,나노스,-68600900000.0
056700,신화인터텍,-100490950000.0
108670,엘지하우시스,248925740000.0
054940,엑사이엔씨,66228430000.0
002700,신일산업,0.0
097520,엠씨넥스,431520860000.0
105630,한세실업,557023630000.0
043370,평화정공,338651810000.0
109070,컨버즈,-216030100000.0
054620,에이피홀딩스,118279140000.0
001360,삼성제약,-19092170000.0
107590,미원홀딩스,131689950000.0
153460,네이블커뮤니케이션즈,0.0
056360,코위버,28377020000.0
035420,네이버,15476907020000.0
106520,디지탈옵틱,-262508590000.0
043260,성호전자,-17626640000.0
026940,부국철강,0.0
003230,삼양식품,657828080000.0
038340,유씨아이,-623770000.0
137400,피엔티,11080410000.0
104700,한국철강,0.0
008260,NI스틸,0.0
051390,와이더블유,62627490000.0
141000,비아트론,488710620000.0
103590,일진전기,-217255370000.0
000230,일동홀딩스,40069910000.0
072950,빛샘전자,50685050000.0
054540,삼영엠텍,36106390000.0
103140,풍산,1273877290000.0
000490,대동공업,-138804330000.0
143240,사람인에이치알,318995850000.0
053350,이니텍,205396880000.0
011070,LG이노텍,1674541680000.0
126870,뉴로스,-11988460000.0
001800,오리온홀딩스,2586593330000.0
017180,명문제약,-11233850000.0
054630,에이디칩스,0.0
004540,깨끗한나라,-732494630000.0
100220,비상교육,197797560000.0
091590,남화토건,108376060000.0
056080,유진로봇,13203560000.0
102260,동성코퍼레이션,-46107990000.0
102280,쌍방울,138225250000.0
104830,원익머트리얼즈,638389630000.0
053950,경남제약,-9431900000.0
002020,코오롱,452748020000.0
127120,디엔에이링크,-34850400000.0
053700,삼보모터스,-132171220000.0
005930,삼성전자,861887034800000.0
032640,LG유플러스,5844970070000.0
130580,나이스디앤비,174782110000.0
003670,포스코케미칼,1813166860000.0
000300,대유플러스,-150477400000.0
131090,시큐브,50426010000.0
054920,한컴시큐어,48451590000.0
020560,아시아나항공,-6019878240000.0
001460,BYC,23408630000.0
041960,코미팜,-79598640000.0
101060,SBS미디어홀딩스,696603940000.0
003620,쌍용자동차,-2066139600000.0
115480,씨유메디칼시스템,32990400000.0
053160,프리엠스,54987280000.0
003410,쌍용양회공업,2466992690000.0
123260,파인넥스,-66237750000.0
052400,코나아이,-379472020000.0
005610,SPC삼립,595716090000.0
139670,넥스트리밍,-31108780000.0
054180,중앙오션,0.0
100250,진양홀딩스,174228320000.0
121800,비덴트,242417780000.0
049470,에스지에이,-94100720000.0
112240,에스에프씨,-82540970000.0
085310,엔케이,-340266370000.0
043090,팜스웰바이오,0.0
051600,한전KPS,2877421590000.0
138070,신진에스엠,61501450000.0
007570,일양약품,112611500000.0
053110,소리바다,-104552590000.0
093230,이아이디,6487010000.0
002320,한진,-669373590000.0
123570,이엠넷,101327150000.0
092440,기신정기,180209360000.0
002200,한국수출포장공업,314573060000.0
122870,와이지엔터테인먼트,361868100000.0
054800,아이디스홀딩스,1077338490000.0
044450,케이에스에스해운,-14449300000.0
005380,현대자동차,3568970440000.0
136510,쎄미시스코,2879550000.0
094280,효성아이티엑스,141786710000.0
047770,코데즈컴바인,42324740000.0
089530,에이티세미콘,29588170000.0
005360,모나미,59195110000.0
053800,안랩,345918890000.0
033270,한국유나이티드제약,0.0
009830,한화케미칼,1948117160000.0
089030,테크윙,274932970000.0
092200,디아이씨,-139680730000.0
040300,와이티엔,-17243800000.0
002030,아세아,1627216570000.0
097950,CJ제일제당,2777340680000.0
058820,CMG 제약,107319850000.0
035900,제이와이피엔터테인먼트,428865550000.0
007820,에스엠코어,43340040000.0
028670,팬오션,1770954350000.0
053590,한국테크놀로지,0.0
115530,씨엔플러스,-64200230000.0
004990,롯데지주,329805750000.0
021320,케이씨씨건설,624729300000.0
043290,케이맥,138081260000.0
001070,대한방직,-121546680000.0
097230,한진중공업,-1372082410000.0
053060,세동,-108010550000.0
090360,로보스타,73206120000.0
004410,서울식품공업,0.0
053610,프로텍,500928410000.0
096760,JW홀딩스,99579550000.0
003560,아이에이치큐,204420530000.0
000680,LS네트웍스,89938150000.0
096770,SK이노베이션,28802487330000.0
131220,대한과학,47739220000.0
001210,금호전기,-739700810000.0
052790,액토즈소프트,55002870000.0
002250,알보젠코리아,0.0
053450,세코닉스,-14818750000.0
131390,피앤이솔루션,166263940000.0
000140,하이트진로홀딩스,-1039896350000.0
053030,바이넥스,137401120000.0
143160,아이디스,124378190000.0
000320,노루홀딩스,161725440000.0
001780,알루코,-145659540000.0
053620,태양,21516790000.0
000270,기아자동차,19958103190000.0
095720,웅진씽크빅,501796680000.0
134780,화진,-85352000000.0
052300,더블유홀딩컴퍼니,-7807670000.0
004800,효성,619439310000.0
137950,제이씨케미칼,55698470000.0
001040,CJ,6007795310000.0
040910,아이씨디,570444430000.0
090370,메타랩스,0.0
049520,유아이엘,176950760000.0
123330,제닉,-159511210000.0
000150,두산,2554206790000.0
093370,후성,467390140000.0
048910,대원미디어,133328690000.0
139050,데일리블록체인,-11781270000.0
005010,휴스틸,335322070000.0
051980,중앙리빙테크,-30450340000.0
089980,상아프론테크,160796950000.0
093050,LF,2057163300000.0
051500,씨제이프레시웨이,315165300000.0
003090,대웅,1176309730000.0
044380,주연테크,1865680000.0
049120,파인디앤씨,17664550000.0
002900,동양물산기업,-270125910000.0
044820,코스맥스비티아이,174108520000.0
108380,대양전기공업,212028510000.0
043360,디지아이,0.0
003780,진양산업,41062360000.0
034590,인천도시가스,215147640000.0
003520,영진약품,0.0
052600,한네트,0.0
019770,탑금속,-54673340000.0
009770,삼정펄프,75260400000.0
052020,에스티큐브,-112286670000.0
002380,케이씨씨,5071024190000.0
137940,넥스트아이,180903290000.0
092220,케이이씨,49503470000.0
005300,롯데칠성음료,-354418100000.0
131100,리켐,10715830000.0
043220,에이치엘비파워,-183064570000.0
092230,KPX홀딩스,851181060000.0
138690,엘아이에스,63961650000.0
033790,스카이문스테크놀로지,-60672430000.0
089470,에이치디씨현대이피,208431070000.0
003200,일신방직,649743580000.0
122450,케이엠에이치,349140550000.0
002270,롯데푸드,0.0
051780,큐로홀딩스,-6558940000.0
121440,골프존뉴딘홀딩스,-25969420000.0
002790,아모레퍼시픽그룹,8439228180000.0
091090,세원셀론텍,-209477720000.0
052190,이에스에이,-111614820000.0
090350,노루페인트,219413010000.0
136540,윈스,181188960000.0
051490,나라엠앤디,31719220000.0
004150,한솔홀딩스,-23327170000.0
090430,아모레퍼시픽,6858443820000.0
038870,에코바이오홀딩스,49420950000.0
007210,벽산,148890470000.0
032350,롯데관광개발,25018150000.0
136480,하림,-241711720000.0
045660,에이텍,0.0
002300,한국제지,-116277760000.0
090080,평화산업,-300811250000.0
104480,티케이케미칼,0.0
049800,우진플라임,-286565910000.0
052260,SK바이오랜드,251726980000.0
001130,대한제분,802681050000.0
045390,대아티아이,160521010000.0
001680,대상,1101535460000.0
121600,나노신소재,178277990000.0
088790,진도,130224610000.0
003550,LG,39774212910000.0
050110,캠시스,135585980000.0
093320,케이아이엔엑스,222025050000.0
023530,롯데쇼핑,-1059799270000.0
000640,동아쏘시오홀딩스,879202990000.0
036540,에스에프에이반도체,267364620000.0
086280,현대글로비스,9325856180000.0
130740,티피씨,0.0
038500,삼표시멘트,-505601520000.0
084870,티비에이치글로벌,0.0
131180,딜리,35873000000.0
048550,에스엠컬처앤콘텐츠,-64829840000.0
000970,한국주철관공업,339260830000.0
061970,엘비세미콘,196929880000.0
003300,한일홀딩스,169936890000.0
001560,제일연마공업,112444830000.0
044060,조광아이엘아이,96599340000.0
004250,엔피씨,233387620000.0
079430,현대리바트,790378850000.0
126880,제이엔케이히터,29514410000.0
024850,피에스엠씨,17147670000.0
033560,블루콤,102959320000.0
048770,티피씨메카트로닉스,21576420000.0
084010,대한제강,122117400000.0
003030,세아제강지주,1120713210000.0
049430,코메론,252011310000.0
048530,인트론바이오테크놀로지,90160370000.0
075180,새론오토모티브,241336290000.0
001440,대한전선,369613980000.0
044480,바이오제네틱스,9165350000.0
119860,다나와,324767230000.0
001790,대한제당,153554570000.0
046390,삼화네트웍스,-32341400000.0
131370,알서포트,115972780000.0
000070,삼양홀딩스,1919266980000.0
064290,인텍플러스,-109043950000.0
014620,성광벤드,-21827780000.0
002420,세기상사,0.0
084690,대상홀딩스,1163700430000.0
048430,유라테크,59230350000.0
131290,티에스이,259031210000.0
071950,코아스,-14393820000.0
131400,액트,22333250000.0
000240,한국타이어월드와이드,5769369230000.0
049480,오픈베이스,-11172680000.0
084680,이월드,0.0
000950,전방,-337394620000.0
084670,동양고속,-23830420000.0
042510,라온시큐어,65165450000.0
003490,대한항공,-12149388270000.0
001530,동일방직,412704670000.0
042700,한미반도체,843975510000.0
096690,제이스테판,-54568210000.0
039830,오로라월드,114944100000.0
000100,유한양행,1705502320000.0
033830,티비씨,112434080000.0
036190,금화피에스시,706623710000.0
004890,동일산업,489106440000.0
000120,씨제이대한통운,31049330000.0
033170,시그네틱스,-95649740000.0
046070,코다코,-469418740000.0
122800,썬테크놀로지스,-87562750000.0
041830,인바디,362393680000.0
010960,삼호개발,442324810000.0
000050,경방,44777920000.0
041460,한국전자인증,73497330000.0
073240,금호타이어,-2905550790000.0
000700,유수홀딩스,448569220000.0
045520,크린앤사이언스,106756480000.0
079160,씨제이씨지브이,-351135920000.0
003480,한진중공업홀딩스,-921376330000.0
126600,코프라,127307040000.0
022100,포스코아이씨티,595118200000.0
081000,일진다이아몬드,229245900000.0
033600,럭슬,0.0
123420,선데이토즈,241180420000.0
014830,유니드,1000252720000.0
125210,아모그린텍,0.0
111870,삼본정밀전자,69502130000.0
044180,KD건설,-146012630000.0
041650,상신브레이크,201685090000.0
079660,사조해표,183459570000.0
058400,케이엔엔,169600910000.0
099750,이지케어텍,79385200000.0
023810,인팩,-34726810000.0
069140,누리플랜,-38225990000.0
010470,오리콤,125427370000.0
078930,GS,26008801060000.0
119830,아이텍반도체,12162040000.0
044340,위닉스,253590690000.0
077500,유니퀘스트,150662940000.0
101930,인화정공,-48473230000.0
058730,다스텍,294871490000.0
078650,코렌,31526520000.0
042940,상지카일룸,31850200000.0
034220,LG디스플레이,-11011623770000.0
278280,천보,397615550000.0
078000,텔코웨어,153711480000.0
068940,아이씨케이,-27723550000.0
048830,엔피케이,-4244450000.0
246960,이노테라피,-27975770000.0
000250,삼천당제약,313581490000.0
077970,STX엔진,182215960000.0
123840,한일진공,90323380000.0
104620,노랑풍선,22904230000.0
034310,NICE홀딩스,1651885180000.0
044780,에이치케이,22793080000.0
117670,알파홀딩스,-85936190000.0
053580,웹케시,84660130000.0
045510,정원엔시스,38295160000.0
019680,대교,513209060000.0
068240,다원시스,107362020000.0
045100,한양이엔지,1428833680000.0
096530,씨젠,204841810000.0
040160,누리텔레콤,225769200000.0
074610,나노메딕스,-162817470000.0
025750,한솔홈데코,40901650000.0
122990,와이솔,703999590000.0
043650,국순당,90719730000.0
126700,하이비젼시스템,323479310000.0
037950,엘컴텍,23603810000.0
007660,이수페타시스,-26210110000.0
039030,이오테크닉스,425603160000.0
035250,강원랜드,7597901880000.0
038540,상상인,1529464910000.0
123410,코리아에프티,-3957870000.0
037270,와이지플러스,59808280000.0
123040,엠에스오토텍,-30558090000.0
039860,나노엔텍,52444870000.0
067920,이글루시큐리티,76606620000.0
046210,파나진,0.0
270870,뉴트리,168888100000.0
119610,인터로조,288498170000.0
072710,농심홀딩스,1161977220000.0
045060,오공,104699980000.0
302430,이노메트리,127480630000.0
043100,솔고바이오메디칼,-152852480000.0
114120,크루셜텍,-382331180000.0
072130,유엔젤,60008240000.0
026180,현대정보기술,-94635110000.0
034120,SBS,194470530000.0
042370,비츠로테크,156099730000.0
123750,알톤스포츠,-12252580000.0
036570,엔씨소프트,10006869240000.0
045970,코아시아,21664820000.0
128540,에코캡,59464480000.0
089850,유비벨록스,46378040000.0
040420,정상제이엘에스,136663560000.0
071090,하이스틸,-106486600000.0
299910,베스파,454451830000.0
069730,DSR제강,0.0
111820,지와이커머스,11045070000.0
041140,넥슨지티,-322611110000.0
006890,태경화학,91381510000.0
046120,오르비텍,49287860000.0
043610,지니뮤직,143357710000.0
036890,진성티이씨,373518840000.0
069960,현대백화점,4105366830000.0
069460,대호에이엘,0.0
117730,티로보틱스,82907690000.0
108320,실리콘웍스,1049748140000.0
039010,현대통신,317550890000.0
069620,대웅제약,154544510000.0
079970,투비소프트,-119064810000.0
027740,마니커,-60984750000.0
043200,파루,-343961590000.0
071200,인피니트헬스케어,84866980000.0
036530,S&T홀딩스,1421329230000.0
042110,에스씨디,124597490000.0
263690,디알젬,66877330000.0
100030,모바일리더,72036700000.0
069260,휴켐스,2249425960000.0
039740,한국정보공학,-2018400000.0
122690,서진오토모티브,-719484190000.0
033530,세종공업,-133505330000.0
039840,디오,107073680000.0
900110,이스트아시아홀딩스인베스트먼트리미티드,261010290000.0
058430,포스코강판,196580150000.0
042420,네오위즈홀딩스,580522690000.0
900100,뉴프라이드코퍼레이션,-63467080000.0
068290,삼성출판사,43375740000.0
263020,디케이앤디,68193370000.0
039560,다산네트웍스,171940840000.0
067830,세이브존아이앤씨,411754530000.0
227100,디자인,19019670000.0
038460,바이오스마트,156867410000.0
115450,지트리비앤티,-23109040000.0
039230,에이아이비트,44719880000.0
194700,노바렉스,184008640000.0
009240,한샘,764355450000.0
032820,우리기술,-67968220000.0
001540,안국약품,280503080000.0
122350,삼기오토모티브,-149159840000.0
115610,이미지스테크놀로지,-82841450000.0
038530,골드퍼시픽,-7480880000.0
285490,노바텍,116263700000.0
017370,우신시스템,-87787830000.0
115310,인포바인,220087120000.0
039310,세중,67109210000.0
106080,지투하이소닉,-102786670000.0
066570,LG전자,27987119890000.0
101330,모베이스,352928690000.0
036640,에이치알에스,76049560000.0
024720,한국콜마홀딩스,1412936040000.0
108490,로보티즈,56675450000.0
031330,에스에이엠티,591261000000.0
064960,S&T모티브,981343820000.0
115570,스타플렉스,-45439710000.0
030190,NICE평가정보,727188590000.0
038620,위즈코프,21060400000.0
050860,아세아텍,0.0
020760,일진디스플레이,0.0
290720,푸드나무,126376280000.0
114630,우노앤컴퍼니,55896450000.0
033180,필룩스,32685080000.0
039020,이건홀딩스,-139471380000.0
110790,크리스에프앤씨,684086420000.0
080530,코디,-89953080000.0
038950,파인디지털,79995740000.0
900070,글로벌에스엠테크리미티드,44632470000.0
219750,지티지웰니스,-32447680000.0
036800,나이스정보통신,498230650000.0
021240,웅진코웨이,6118170200000.0
040610,에스지엔지,56072290000.0
257370,명성티엔에스,37846310000.0
058650,세아홀딩스,1146192780000.0
038880,아이에이,-48175300000.0
197140,디지캡,0.0
051900,LG생활건강,13499788930000.0
038680,에스넷시스템,157289360000.0
104460,동양피엔에프,162321500000.0
290740,액트로,251535140000.0
051910,LG화학,28653712140000.0
041510,에스엠엔터테인먼트,750292030000.0
096640,멜파스,0.0
047040,대우건설,6073071080000.0
112040,위메이드엔터테인먼트,-322648060000.0
047050,포스코인터내셔널,4087700410000.0
010280,쌍용정보통신,70403210000.0
042660,대우조선해양,11819648430000.0
108860,셀바스에이아이,-211475020000.0
037760,쎄니트,54530360000.0
900080,에스앤씨엔진그룹리미티드,534966970000.0
042670,두산인프라코어,7570541640000.0
110990,디아이티,157261940000.0
088290,이원컴포텍,-7275760000.0
038110,에코플라스틱,-467877710000.0
049770,동원F&B,933446780000.0
114190,웰크론강원,23158980000.0
036420,제이콘텐트리,341395150000.0
290270,휴네시온,26667010000.0
034020,두산중공업,1475868910000.0
032500,케이엠더블유,-405178890000.0
115160,휴맥스,-539481050000.0
080720,한국유니온제약,132917120000.0
016450,한세예스24홀딩스,604925900000.0
109960,에이프로젠헬스케어앤게임즈,175457700000.0
204020,엠코르셋,169768920000.0
099410,동방선기,0.0
016710,대성홀딩스,183844880000.0
101000,디엠씨,0.0
038290,마크로젠,83699590000.0
109820,진매트릭스,-36987830000.0
003220,대원제약,412364540000.0
175250,아이큐어,-79003290000.0
036460,한국가스공사,-5451202270000.0
082920,비츠로셀,282026520000.0
037440,희림종합건축사사무소,97438750000.0
038390,레드캡투어,108659250000.0
042520,한스바이오메드,148110610000.0
007120,미래아이앤지,25616460000.0
245620,이원다이애그노믹스,-68068280000.0
104200,엔에이치엔벅스,118513540000.0
028150,GS홈쇼핑,2540368270000.0
052860,아이앤씨테크놀로지,23000100000.0
000850,화천기공,329243040000.0
036830,솔브레인,2420624820000.0
037030,파워넷,64628650000.0
105330,케이엔더블유,16840190000.0
036580,팜스코,36171140000.0
016790,현대사료,0.0
033780,케이티앤지,21161256780000.0
036810,에프에스티,279020790000.0
109740,디에스케이,351765270000.0
258830,세종메디칼,70327750000.0
009540,현대중공업,-8451690370000.0
095700,제넥신,0.0
036690,코맥스,96037150000.0
122310,제노레이,173026070000.0
024090,디씨엠,188640870000.0
037370,EG,-137830460000.0
108230,톱텍,336491720000.0
036620,버추얼텍,-17630730000.0
100130,동국에스엔씨,-1930100000.0
006840,AK홀딩스,2791600700000.0
037350,성도이엔지,352359950000.0
950170,제이티씨,0.0
006650,대한유화,4492072510000.0
038010,제일테크노스,77652800000.0
253590,네오셈,79963050000.0
063080,게임빌,-53947300000.0
001810,무림에스피,107231970000.0
263700,케어랩스,71002470000.0
035150,백산,276389940000.0
036630,세종텔레콤,160542820000.0
109860,동일금속,145632320000.0
035000,지투알,353403100000.0
036710,심텍홀딩스,-108664640000.0
102120,어보브반도체,151472750000.0
064510,에코마이스터,-170091570000.0
033250,체시스,-53882270000.0
101730,조이맥스,-169874160000.0
033240,자화전자,26796870000.0
016250,이테크건설,539321730000.0
183490,엔지켐생명과학,-149395590000.0
030200,케이티,9360222440000.0
102710,이엔에프테크놀로지,508510430000.0
036030,케이티하이텔,0.0
006620,동구바이오제약,0.0
019490,하이트론씨스템즈,-7246100000.0
099440,스맥,-8671840000.0
154030,농업회사법인아시아종묘,-19864750000.0
035890,서희건설,1092657290000.0
030000,제일기획,2630682210000.0
102210,해덕파워웨이,-57978200000.0
036930,주성엔지니어링,521382590000.0
026890,디피씨,290463220000.0
032190,다우데이타,643398020000.0
042000,카페24,278908980000.0
029460,케이씨,1314874380000.0
099220,SDN,61189700000.0
005290,동진쎄미켐,766461750000.0
024890,대원화성,81069140000.0
219420,링크제니시스,56926140000.0
003100,선광,71261870000.0
017940,E1,-437821610000.0
010240,흥국,160691700000.0
018670,SK가스,1199341350000.0
036170,씨티젠,56991150000.0
101170,우림기계,0.0
023590,다우기술,393243190000.0
255220,에스지이,143768680000.0
036180,영인프런티어,0.0
014440,영보화학,128376560000.0
081150,티플랙스,0.0
026040,제이에스티나,7970650000.0
011790,SKC,1729328830000.0
269620,시스웍,93233880000.0
098660,에스티오,12275540000.0
010600,웰바이오텍,-60061720000.0
037460,삼지전자,541895400000.0
037400,우리조명,-399670940000.0
071670,에이테크솔루션,-28599620000.0
024900,덕양산업,-173361280000.0
036490,SK머티리얼즈,1564864090000.0
260930,씨티케이코스메틱스,201578420000.0
015350,부산도시가스,0.0
101490,에스앤에스텍,0.0
241770,메카로,543210510000.0
023960,에쓰씨엔지니어링,0.0
234300,에스트래픽,-143273500000.0
100120,뷰웍스,387479960000.0
033640,네패스,236860690000.0
023800,인지컨트롤스,88510390000.0
012320,경동인베스트,689704840000.0
037330,인지디스플레이,320780410000.0
066360,체리부로,-123059680000.0
101400,엔시트론,-139287000000.0
025530,에스제이엠홀딩스,160765370000.0
036090,위지트,101766320000.0
007680,대원,581803340000.0
106240,파인테크닉스,-266014080000.0
031820,콤텍시스템,0.0
000660,에스케이하이닉스,281418799920000.0
036200,유니셈,409178830000.0
104040,대성파인텍,-2841150000.0
023150,MH에탄올,-332658800000.0
253450,스튜디오드래곤,637396990000.0
078070,유비쿼스홀딩스,406927770000.0
024800,유성티엔에스,64830530000.0
005320,국동,66329010000.0
036260,이매진아시아,-31593530000.0
086900,메디톡스,1100892860000.0
148140,비디아이,62719100000.0
027050,코리아나화장품,15365140000.0
058630,엠게임,56465180000.0
036120,에스씨아이평가정보,29746370000.0
028050,삼성엔지니어링,1229640970000.0
265560,영화테크,65962630000.0
035290,더블유에프엠,-77853970000.0
067630,에이치엘비생명과학,-25331210000.0
029530,신도리코,1005320680000.0
234100,세원,0.0
027040,서울전자통신,-11683860000.0
092130,이크레더블,242501120000.0
015360,예스코홀딩스,-1573830000.0
100700,세운메디칼,228827130000.0
016800,퍼시스,0.0
263810,상신전자,59347720000.0
098120,마이크로컨텍솔루션,-33536780000.0
024070,WISCOM,62387370000.0
255440,야스,659725790000.0
083470,케이제이프리텍,0.0
277410,인산가,59846130000.0
030720,동원수산,79024530000.0
100090,삼강엠앤티,-769736170000.0
263920,에스엔피월드,-956660000.0
025560,미래산업,-129998640000.0
101390,아이엠,-108810750000.0
243840,신흥에스이씨,81133060000.0
076080,웰크론한텍,55408200000.0
179900,유티아이,128613200000.0
101670,코리아에스이,-22017090000.0
012630,HDC,2040787450000.0
171090,선익시스템,153989930000.0
094840,슈프리마에이치큐,218692250000.0
017900,광전자,142648330000.0
063170,서울옥션,111801770000.0
025540,한국단자공업,877436650000.0
036000,예림당,685281660000.0
047560,이스트소프트,-2804620000.0
003160,디아이,310142480000.0
263750,펄어비스,2259732370000.0
035760,씨제이이엔엠,2676494990000.0
096240,청담러닝,172021940000.0
011930,신성이엔지,-216816500000.0
256940,케이피에스,125476170000.0
035810,이지바이오,780923590000.0
101160,월덱스,289286940000.0
263600,덕우전자,39153450000.0
019180,티에이치엔,69470160000.0
035460,기산텔레콤,-20201730000.0
099320,쎄트렉아이,80148050000.0
035480,마제스타,0.0
258610,이더블유케이,25803940000.0
018880,한온시스템,4963995320000.0
035620,바른손이앤에이,-262264890000.0
098460,고영테크놀러지,776625020000.0
021820,세원정공,35377730000.0
140670,알에스오토메이션,24038620000.0
035610,솔본,323947910000.0
900310,컬러레이홀딩스,470190010000.0
020710,시공테크,-12430380000.0
067000,조이시티,-63664000000.0
006740,영풍제지,0.0
018620,우진비앤지,-86471960000.0
118990,모트렉스,-84820260000.0
000910,유니온,-18551170000.0
034940,조아제약,34731380000.0
095610,테스,919343980000.0
020120,키다리스튜디오,0.0
033230,인성정보,29846810000.0
263860,지니언스,51378350000.0
053280,예스이십사,-60702350000.0
020000,한섬,1689504570000.0
035080,인터파크홀딩스,186748560000.0
263720,디앤씨미디어,109029910000.0
017800,현대엘리베이터,1351846080000.0
059210,메타바이오메드,-42941920000.0
091990,셀트리온헬스케어,806835850000.0
005160,동국산업,282957670000.0
097870,효성오앤비,86672240000.0
181340,이즈미디어,64593860000.0
005990,매일홀딩스,937423320000.0
013580,계룡건설산업,1688143750000.0
091440,텔레필드,-141132020000.0
031390,녹십자셀,42013960000.0
011160,두산건설,-2202748910000.0
096040,이트론,0.0
033430,디에스티,2787780000.0
021050,서원,134271490000.0
251630,브이원텍,273357190000.0
097780,에스맥,295283500000.0
025770,한국정보통신,552496790000.0
012750,에스원,2814153010000.0
033540,파라텍,33473110000.0
096630,에스코넥,241789700000.0
015890,태경산업,236618150000.0
033500,동성화인텍,-194321810000.0
068330,일신바이오베이스,60187890000.0
003380,하림지주,1646219080000.0
030350,드래곤플라이,0.0
093920,서원인텍,161464100000.0
016590,신대양제지,1475887290000.0
011690,유양디앤유,-187814890000.0
033310,디케이디앤아이,54535730000.0
096350,대창솔루션,-182036170000.0
250000,보라티알,102044980000.0
025860,남해화학,0.0
033160,엠케이전자,2042646880000.0
018500,동원금속,-417279020000.0
033320,제이씨현시스템,236137350000.0
069920,아이에스이커머스,0.0
011300,성안,-235212080000.0
009520,포스코엠텍,0.0
267980,매일유업,1015121580000.0
096610,알에프세미,-952000000.0
013810,스페코,-52000580000.0
012610,경인양행,275545340000.0
033340,좋은사람들,96574780000.0
161580,필옵틱스,-421447750000.0
033200,모아텍,69667890000.0
094820,일진파워,273012700000.0
033290,코웰패션,990185280000.0
017810,풀무원,112517350000.0
086670,비엠티,119931370000.0
015710,코콤,261644050000.0
011200,현대상선,-8765923670000.0
094190,이엘케이,-288931300000.0
017390,서울도시가스,251602500000.0
095190,이엠코리아,-79149650000.0
033050,제이엠아이,-106642530000.0
251370,와이엠티,194774960000.0
092300,현우산업,21156960000.0
033110,코너스톤네트웍스,-52702040000.0
011090,에넥스,2740500000.0
033130,디지틀조선일보,134207260000.0
095910,에스에너지,-8947200000.0
007460,에이프로젠케이아이씨,148862370000.0
025620,제이준코스메틱,134259710000.0
032980,바이온,-6937960000.0
017960,한국카본,255522100000.0
063760,이엘피,248976110000.0
081580,성우전자,132461730000.0
019210,와이지-원,424779750000.0
025000,KPX케미칼,575453130000.0
073110,엘엠에스,166329900000.0
026150,특수건설,53044240000.0
094970,제이엠티,197872570000.0
178320,서진시스템,373661570000.0
010580,지코,0.0
031310,아이즈비전,228678200000.0
183300,코미코,512041880000.0
007980,태평양물산,223628820000.0
032960,동일기연,22241690000.0
080520,오디텍,115682920000.0
246720,아스타,-41127120000.0
009440,케이씨그린홀딩스,77863080000.0
032680,소프트센,0.0
008420,문배철강,0.0
217480,에스디생명공학,192968350000.0
032940,원익,57697530000.0
095340,아이에스시,222927340000.0
016880,웅진,-1182009750000.0
008290,원풍물산,0.0
002800,신신제약,23116130000.0
007310,오뚜기,2075664650000.0
032750,삼진,39077060000.0
085910,네오티스,51919250000.0
083500,에프엔에스테크,0.0
095500,미래나노텍,102408450000.0
087260,모바일어플라이언스,47002480000.0
008500,일정실업,-102832780000.0
032860,지엠알머티리얼즈,-77215620000.0
027580,상보,5314060000.0
032850,비트컴퓨터,-21682560000.0
086040,바이오톡스텍,16879770000.0
014790,한라,257085340000.0
140070,서플러스글로벌,432700200000.0
032790,엠젠플러스,-85990720000.0
090740,연이정보통신,51750650000.0
010120,LS산전,3055480230000.0
032800,판타지오,15830970000.0
057540,옴니시스템,42978370000.0
195440,퓨전데이타,0.0
009190,대양금속,0.0
032620,유비케어,188438100000.0
094940,푸른기술,20688700000.0
000760,이화산업,-66998860000.0
032580,피델릭스,0.0
095270,웨이브일렉트로닉스,-138391660000.0
014820,동원시스템즈,818471270000.0
093190,빅솔론,295366900000.0
204990,현성바이탈,-289770600000.0
010140,삼성중공업,-7358351110000.0
032540,티제이미디어,-12808680000.0
091340,에스엔케이폴리텍,124251920000.0
009680,모토닉,392533100000.0
028080,휴맥스홀딩스,0.0
203450,유니온커뮤니티,55954810000.0
072770,네오디안테크놀로지,0.0
215600,신라젠,-695649920000.0
010690,화신,-513444390000.0
094480,갤럭시아커뮤니케이션즈,113033060000.0
012340,뉴인텍,-52866670000.0
000390,삼화페인트공업,72315890000.0
241790,오션브릿지,236451630000.0
031510,오스템,-1048940000.0
009450,경동나비엔,457111220000.0
086520,에코프로,615596920000.0
220100,퓨쳐켐,-104950080000.0
030270,에스마크,-137123940000.0
012030,디비아이엔씨,3712070000.0
065150,엠피그룹,427350000.0
144960,뉴파워프라즈마,219629210000.0
031860,엔에스엔,-44179970000.0
078340,컴투스,2741833450000.0
156100,엘앤케이바이오메드,-115679350000.0
005090,삼광글라스,-542232080000.0
031980,피에스케이,1085841890000.0
176440,에이치엔티일렉트로닉스,100046310000.0
095660,네오위즈,404594280000.0
011560,세보엠이씨,460621980000.0
220180,핸디소프트,-55641720000.0
024740,한일단조공업,-58006190000.0
005750,대림비앤코,56057690000.0
092600,앤씨앤,-202734240000.0
005880,대한해운,6782240000.0
237880,클리오,48317420000.0
069410,엔텔스,47730710000.0
093380,풍강,8355450000.0
238120,로고스바이오시스템스,-6750490000.0
005870,휴니드테크놀러지스,0.0
030530,원익홀딩스,1480154430000.0
017550,수산중공업,1181720000.0
030520,한글과컴퓨터,450350790000.0
216050,인크로스,187388400000.0
086450,동국제약,885651770000.0
011170,롯데케미칼,28691134900000.0
064820,케이프,-318790000.0
239610,에이치엘사이언스,0.0
091580,상신이디피,162500760000.0
021040,대호피앤씨,0.0
241710,코스메카코리아,88936490000.0
001430,세아베스틸,182200850000.0
092460,한라아이엠에스,22575120000.0
029480,바른테크놀로지,-21038440000.0
008770,호텔신라,2259018930000.0
073540,에프알텍,-48919810000.0
028040,미래SCI,-57258220000.0
189300,인텔리안테크놀로지스,159597730000.0
014580,백광소재,139055760000.0
091120,이엠텍,335696020000.0
028300,에이치엘비,-336146720000.0
072990,에이치시티,53009410000.0
013520,화승알앤에이,168476840000.0
027710,팜스토리,86759670000.0
950140,잉글우드랩,-1333070000.0
094860,코닉글로리,0.0
004080,신흥,16152550000.0
023600,삼보판지,663108920000.0
238090,앤디포스,134058840000.0
006060,화승인더스트리,462138870000.0
093520,매커스,205821220000.0
201490,미투온,378019600000.0
014530,극동유화,260280620000.0
048260,오스템임플란트,115359330000.0
003800,에이스침대,0.0
002140,고려산업,64620110000.0
241690,유니테크노,76606260000.0
014190,원익큐브,-33545690000.0
091970,나노캠텍,83408580000.0
016090,대현,0.0
250060,모비스,4926960000.0
001620,동국실업,-403644650000.0
092730,네오팜,298067340000.0
012700,리드코프,648155440000.0
017040,광명전기,75673160000.0
090460,비에이치,1121218860000.0
242040,나무기술,-48287200000.0
018000,유니슨,-118949390000.0
011390,부산산업,49843130000.0
039200,오스코텍,116384020000.0
234920,자이글,-66062660000.0
011810,STX,-386858820000.0
025980,아난티,-246356190000.0
089010,켐트로닉스,45760640000.0
900270,헝셩그룹유한회사,625940430000.0
010130,고려아연,13460204100000.0
090470,제이스텍,129343480000.0
017250,인터엠,45894230000.0
038160,팍스넷,22664140000.0
088130,동아엘텍,448271130000.0
012600,청호컴넷,-98462460000.0
015750,성우하이텍,57422300000.0
084110,휴온스글로벌,1014262200000.0
020180,대신정보통신,0.0
073560,우리손에프앤지농업회사법인,194988370000.0
004720,우리들제약,99958080000.0
006730,서부티엔디,0.0
009200,무림페이퍼,929580490000.0
091700,파트론,439428270000.0
025900,동화기업,864568020000.0
174880,장원테크,152728660000.0
025870,신라에스지,-7929290000.0
086390,유니테스트,1032659900000.0
008870,금비,177700320000.0
090710,디에스티로봇,-97558910000.0
025880,케이씨피드,701060000.0
071460,대유위니아,-159190170000.0
008110,대동전자,61810090000.0
060540,에스에이티,97203900000.0
002680,한탑,-34632730000.0
142760,바이오리더스,-118880130000.0
005820,원림,79605420000.0
066310,큐에스아이,18829570000.0
008490,서흥,375479200000.0
900260,로스웰인터내셔널,351546770000.0
025550,한국선재,29688920000.0
067280,멀티캠퍼스,324715130000.0
014910,성문전자,21120140000.0
025440,대성엘텍,-45807260000.0
086250,화신테크,0.0
237690,에스티팜,-56556460000.0
003580,넥스트사이언스,-33594930000.0
080470,성창오토텍,-13718430000.0
025320,시노펙스,6731580000.0
015860,일진홀딩스,-5095170000.0
014160,대영포장,0.0
243070,휴온스,677081450000.0
024950,삼천리자전거,-236721910000.0
240810,원익아이피에스,1569755070000.0
089790,제이티,0.0
012280,영화금속,0.0
014100,보령메디앙스,43139710000.0
228850,레이언스,405959850000.0
090150,광진윈텍,-54399040000.0
019170,신풍제약,114948010000.0
088390,이녹스,163044180000.0
002210,동성제약,0.0
225330,씨엠에스에듀,47930480000.0
024840,갑을메탈,73410950000.0
089230,더이앤엠,34628750000.0
012170,키위미디어그룹,-154353230000.0
024910,경창산업,-154985060000.0
043150,바텍,632630140000.0
009420,한올바이오파마,155644750000.0
004780,대륙제관,0.0
086960,한컴MDS,203025800000.0
011330,유니켐,175291040000.0
230980,솔트웍스,2367370000.0
038060,루멘스,-253044510000.0
012800,대창,110542840000.0
024810,이화전기공업,0.0
083660,씨에스에이코스믹,11424250000.0
001140,국보,-92283030000.0
236200,슈프리마,250905310000.0
062860,티엘아이,-221335060000.0
013360,일성건설,103820390000.0
226350,아이엠텍,-84490760000.0
024880,케이피에프,177988500000.0
013700,까뮤이앤씨,0.0
142210,유니트론텍,94033810000.0
024120,KB오토시스,200502180000.0
063570,한국전자금융,282679670000.0
017000,신원종합개발,197605980000.0
007610,선도전기,44247390000.0
221610,한솔씨앤피,-96423870000.0
086980,쇼박스,166791690000.0
068050,팬엔터테인먼트,-20883810000.0
004920,씨아이테크,-27045700000.0
109610,에스와이,35464740000.0
009290,광동제약,557656130000.0
023890,아트라스비엑스,1000062360000.0
085370,루트로닉,-118229220000.0
224060,코디엠,-106291770000.0
039290,인포뱅크,50695110000.0
023900,풍국주정공업,214734710000.0
232140,와이아이케이,492157100000.0
011420,갤럭시아에스엠,-117849700000.0
078860,아이오케이컴퍼니,-16331790000.0
004270,남성,-42419560000.0
017650,대림제지,128787330000.0
191410,육일씨엔에쓰,3913830000.0
001940,KISCO홀딩스,1632274040000.0
010170,대한광통신,264841690000.0
223310,이에스브이,-151646840000.0
054950,제이브이엠,193601030000.0
009410,태영건설,5447979910000.0
145020,휴젤,1382003450000.0
084730,팅크웨어,155676300000.0
222980,한국맥널티,8993120000.0
023770,플레이위드,0.0
206560,덱스터스튜디어,69011880000.0
086060,진바이오텍,104787600000.0
009180,한솔로지스틱스,58603310000.0
022220,정산애강,158804380000.0
013310,아진산업,-192120330000.0
005860,한일사료,-2375170000.0
002170,삼양통상,640052480000.0
088800,에이스테크놀로지,5674130000.0
012860,서연전자,-263517850000.0
217730,강스템바이오텍,-134894440000.0
068760,셀트리온제약,24541840000.0
017670,SK텔레콤,15429898470000.0
047920,씨트리,-79076760000.0
083450,글로벌스탠다드테크놀로지,170622210000.0
010640,진양폴리우레탄,0.0
133750,메가엠디,12357380000.0
019990,에너토크,46831310000.0
023410,유진기업,1380487490000.0
079370,제우스,581790880000.0
004380,삼익THK,0.0
046110,한일네트웍스,108642350000.0
140860,파크시스템스,106508460000.0
006910,보성파워텍,1394560000.0
085670,뉴프렉스,105853920000.0
230240,에치에프알,81923080000.0
002840,미원상사,466591460000.0
018290,지엠피,193437160000.0
084370,유진테크,648273970000.0
122640,예스티,-18565110000.0
007860,서연,-722668950000.0
023160,태광,349138330000.0
083790,크리스탈지노믹스,168986980000.0
222040,코스맥스엔비티,137971950000.0
013000,세우글로벌,29528960000.0
007530,영신금속공업,-21904930000.0
058110,멕아이씨에스,-37258500000.0
064550,바이오니아,-160235170000.0
012330,현대모비스,45902794060000.0
217820,엔에스,34663620000.0
084990,바이로메드,-276389220000.0
012620,원일특강,141791300000.0
015540,메디파트너생명공학,-119445340000.0
213090,미래테크놀로지,89855520000.0
083640,인콘,18270000.0
001390,KG케미칼,656117290000.0
018700,바른손,-24371480000.0
085660,차바이오텍,312598480000.0
009320,대우전자부품,0.0
014470,부방,83590130000.0
078140,대봉엘에스,156097870000.0
007720,대명코퍼레이션,-58843970000.0
067900,와이엔텍,117139560000.0
005440,현대그린푸드,2965580650000.0
083550,케이엠,94676840000.0
015760,한국전력공사,-96152284870000.0
006580,대양제지공업,526018730000.0
084180,수성,-75002780000.0
007690,국도화학,980545910000.0
050540,한국코퍼레이션,-117398190000.0
011320,유니크,-45594710000.0
006280,녹십자,1002901520000.0
080420,모다이노칩,461277390000.0
018120,진로발효,290121120000.0
009160,SIMPAC,142244790000.0
083650,비에이치아이,-513605230000.0
009620,삼보산업,-104651670000.0
008600,윌비스,31084360000.0
079190,이엠따블유,17914260000.0
005670,푸드웰,66265050000.0
015230,대창단조,292112780000.0
045890,금빛,-243301300000.0
007160,사조산업,548357410000.0
082800,루미마이크로,0.0
014130,한익스프레스,45352120000.0
008040,사조동아원,159622790000.0
019010,그랜드백화점,-190196570000.0
043910,자연과환경,9982760000.0
009140,경인전자,21305170000.0
009780,엠에스씨,165944470000.0
041020,인프라웨어,28695140000.0
009580,무림피앤피,1034594860000.0
078590,두올산업,17082560000.0
017680,데코앤이,-89532870000.0
008800,스튜디오썸머,0.0
038070,서린바이오사이언스,42659920000.0
010420,한솔피엔에스,0.0
079940,가비아,275870430000.0
014200,광림,-32358320000.0
013570,디와이,675884870000.0
077360,덕산하이메탈,173597390000.0
003610,방림,108832340000.0
083930,아바코,360632450000.0
005710,대원산업,533310530000.0
015590,큐로,0.0
014680,한솔케미칼,1060316330000.0
067310,하나마이크론,364595490000.0
004590,한국가구,117256830000.0
010820,퍼스텍,0.0
016670,포비스티앤씨,63836240000.0
082660,삼우엠스,-164759430000.0
000440,중앙에너비스,0.0
083310,엘오티베큠,273663680000.0
006040,동원산업,1918086200000.0
014970,삼륭물산,-11723760000.0
080010,이상네트웍스,106855530000.0
011040,경동제약,379239050000.0
008060,대덕전자,903551350000.0
058220,아리온테크놀로지,-93823140000.0
008370,원풍,43562980000.0
003680,한성기업,0.0
078160,메디포스트,-75645580000.0
007390,네이처셀,0.0
015020,이스타코,-52991640000.0
082850,우리이티아이,-378655040000.0
011280,태림포장,291916250000.0
080160,모두투어네트워크,226723570000.0
019540,일지테크,-158411050000.0
002310,아세아제지,1261506230000.0
078890,가온미디어,180738150000.0
007770,한일화학공업,90762350000.0
010660,화천기계,0.0
050890,쏠리드,-63739150000.0
017890,한국알콜산업,508695440000.0
011150,CJ씨푸드,0.0
082210,옵트론텍,96333130000.0
003310,대주산업,25252830000.0
082270,젬백스&카엘,65740740000.0
075130,플랜티넷,77231420000.0
005850,에스엘,637000300000.0
080440,에스제이케이,-154358110000.0
009970,영원무역홀딩스,4335903680000.0
073490,이노와이어리스,16587690000.0
002230,피에스텍,107264620000.0
012510,더존비즈온,747907000000.0
079950,인베니아,84506620000.0
009730,코센,2015320000.0
003850,보령제약,331888070000.0
079960,동양이엔피,164237130000.0
016920,카스,70163540000.0
080220,제주반도체,177631990000.0
007630,폴루스바이오팜,-159800540000.0
013030,하이록코리아,362624730000.0
008250,이건산업,132006630000.0
079810,디이엔티,-180459830000.0
012690,모나리자,0.0
080000,에스엔유프리시젼,204021330000.0
006920,모헨즈,16157660000.0
052220,아이엠비씨,43897890000.0
079650,서산,8308510000.0
052900,케이엠에이치하이텍,98879230000.0
066910,손오공,12664610000.0
049950,미래컴퍼니,405396510000.0
